username,password,attempts,ever_accepted
admin,password,13,False
admin,smcadmin,12,False
ubnt,ubnt,12,False
pi,raspberry,12,False
admin,1234,11,False
root,,10,False
root,admin,10,True
user,user,10,False
root,54321,10,False
root,vizxv,9,False
root,1111,9,False
Administrator,admin,9,False
root,1234,9,False
support,support,8,False
root,123456,8,False
root,888888,8,False
root,default,7,False
root,12345,7,False
admin,admin,7,True
root,root,7,True
root,juantech,7,False
root,xc3511,6,False
root,pass,5,False
root,klv123,3,False
